"hitid"	"hittypeid"	"title"	"description"	"keywords"	"reward"	"creationtime"	"assignments"	"numavailable"	"numpending"	"numcomplete"	"hitstatus"	"reviewstatus"	"annotation"	"assignmentduration"	"autoapprovaldelay"	"hitlifetime"	"viewhit"	"assignmentid"	"workerid"	"assignmentstatus"	"autoapprovaltime"	"assignmentaccepttime"	"assignmentsubmittime"	"assignmentapprovaltime"	"assignmentrejecttime"	"deadline"	"feedback"	"reject"	"Answer.competition_condition"	"Answer.evidence_condition"	"Answer.participant_age"	"Answer.participant_gender"	"Answer.participant_native_lang"	"Answer.initials_provided_by_participant"	"Answer.message_text_by_participant"	"Answer.motivation_to_win"	"Answer.DW_strength"	"Answer.strength_of_average_player"	"Answer.role_of_luck_in_game"	"Answer.expectation_of_winning"	"Answer.DW_check"	"Answer.familiarization_check"	"Answer.DW_accuracy_check"	"Answer.overall_check"	"Answer.final_comments"
"302OLP89DZ8AREZO1XEOJ07Z9B4CA6"	"3H9KHFULG43W6IOJAUMQZYQKKDEECI"	"Competition study"	"Play a 2-4 minute game and complete a brief survey"	"competition, game, study, experiment"	"$0.25"	"Mon Jun 02 07:32:08 EDT 2014"	"70"	"0"	"0"	"70"	"Reviewable"	"NotReviewed"	"1 condition"	"600"	"60000"	"Mon Jun 09 07:32:08 EDT 2014"	"https://requester.mturk.com/mturk/manageHIT?HITId=302OLP89DZ8AREZO1XEOJ07Z9B4CA6"	"3EJJQNKU9R6VTNTFF2JCD0P8S1ZRHY"	"ACNID00UIEL1T"	"Approved"	"Tue Jun 03 00:17:45 EDT 2014"	"Mon Jun 02 07:33:32 EDT 2014"	"Mon Jun 02 07:37:45 EDT 2014"	"Mon Jun 02 08:38:39 EDT 2014"	""	""	""	""	"0"	"1"	"""20"""	"""female"""	"""English"""	"""BN"""	""""""	"0.6943821596295646"	"0.5775280898876405"	"0.5370786516853933"	"0.18651685393258427"	"0.601631366982996"	"""partner"""	"""2"""	"""1"""	""" """	""" """
"302OLP89DZ8AREZO1XEOJ07Z9B4CA6"	"3H9KHFULG43W6IOJAUMQZYQKKDEECI"	"Competition study"	"Play a 2-4 minute game and complete a brief survey"	"competition, game, study, experiment"	"$0.25"	"Mon Jun 02 07:32:08 EDT 2014"	"70"	"0"	"0"	"70"	"Reviewable"	"NotReviewed"	"1 condition"	"600"	"60000"	"Mon Jun 09 07:32:08 EDT 2014"	"https://requester.mturk.com/mturk/manageHIT?HITId=302OLP89DZ8AREZO1XEOJ07Z9B4CA6"	"33PPUNGG386HK8T9LOPJD7TDORGZRW"	"AJVGW8ZY3SWE4"	"Approved"	"Tue Jun 03 00:22:33 EDT 2014"	"Mon Jun 02 07:38:23 EDT 2014"	"Mon Jun 02 07:42:33 EDT 2014"	"Mon Jun 02 08:38:39 EDT 2014"	""	""	""	""	"0"	"1"	"""24"""	"""female"""	"""english"""	"""CW"""	"""Good luck and you got this!"""	"0.9089068825910931"	"0.6194331983805668"	"0.8097165991902834"	"0.8117408906882592"	"0.7418032786885246"	"""opponent"""	"""2"""	"""1"""	""" Just seems strange we haven't started yet."""	""" Very interesting!"""
"302OLP89DZ8AREZO1XEOJ07Z9B4CA6"	"3H9KHFULG43W6IOJAUMQZYQKKDEECI"	"Competition study"	"Play a 2-4 minute game and complete a brief survey"	"competition, game, study, experiment"	"$0.25"	"Mon Jun 02 07:32:08 EDT 2014"	"70"	"0"	"0"	"70"	"Reviewable"	"NotReviewed"	"1 condition"	"600"	"60000"	"Mon Jun 09 07:32:08 EDT 2014"	"https://requester.mturk.com/mturk/manageHIT?HITId=302OLP89DZ8AREZO1XEOJ07Z9B4CA6"	"3FIJLY1B6U5Q3EMU7KRN5KDGB4ZFPX"	"A2IUPAL9F8RBAA"	"Approved"	"Tue Jun 03 00:23:22 EDT 2014"	"Mon Jun 02 07:37:47 EDT 2014"	"Mon Jun 02 07:43:22 EDT 2014"	"Mon Jun 02 08:38:39 EDT 2014"	""	""	""	""	"1"	"1"	"""51"""	"""female"""	"""English"""	"""Dm"""	""":)"""	"1"	"0.6622073578595318"	"0.7558528428093646"	"0.6822742474916388"	"0.9297658862876255"	"""partner"""	"""2"""	"""2"""	""" """	""" """
"302OLP89DZ8AREZO1XEOJ07Z9B4CA6"	"3H9KHFULG43W6IOJAUMQZYQKKDEECI"	"Competition study"	"Play a 2-4 minute game and complete a brief survey"	"competition, game, study, experiment"	"$0.25"	"Mon Jun 02 07:32:08 EDT 2014"	"70"	"0"	"0"	"70"	"Reviewable"	"NotReviewed"	"1 condition"	"600"	"60000"	"Mon Jun 09 07:32:08 EDT 2014"	"https://requester.mturk.com/mturk/manageHIT?HITId=302OLP89DZ8AREZO1XEOJ07Z9B4CA6"	"3D8YOU6S9EL7CQ1FNDNDLKN2QMN6UG"	"A1TH0PTGDSBWMO"	"Approved"	"Tue Jun 03 00:24:14 EDT 2014"	"Mon Jun 02 07:35:46 EDT 2014"	"Mon Jun 02 07:44:14 EDT 2014"	"Mon Jun 02 08:38:40 EDT 2014"	""	""	""	""	"2"	"1"	"""56"""	"""female"""	"""english"""	"""GT"""	"""yes we can."""	"1"	"0.3245192307692308"	"0.8317307692307693"	"0"	"1"	"""opponent"""	"""2"""	"""1"""	""" no."""	""" """
"302OLP89DZ8AREZO1XEOJ07Z9B4CA6"	"3H9KHFULG43W6IOJAUMQZYQKKDEECI"	"Competition study"	"Play a 2-4 minute game and complete a brief survey"	"competition, game, study, experiment"	"$0.25"	"Mon Jun 02 07:32:08 EDT 2014"	"70"	"0"	"0"	"70"	"Reviewable"	"NotReviewed"	"1 condition"	"600"	"60000"	"Mon Jun 09 07:32:08 EDT 2014"	"https://requester.mturk.com/mturk/manageHIT?HITId=302OLP89DZ8AREZO1XEOJ07Z9B4CA6"	"38SKSKU7R1YKMK9MG041R0HOMMQILT"	"A1VSHM4NLZ705D"	"Approved"	"Tue Jun 03 00:25:51 EDT 2014"	"Mon Jun 02 07:41:43 EDT 2014"	"Mon Jun 02 07:45:51 EDT 2014"	"Mon Jun 02 08:38:40 EDT 2014"	""	""	""	""	"2"	"1"	"""34"""	"""female"""	"""English"""	"""YJ"""	"""We can!"""	"0.7829457364341085"	"0.6563307493540051"	"0.6744186046511628"	"0.3281653746770026"	"0.6459948320413437"	"""opponent"""	"""2"""	"""2"""	""" no"""	""" """
"302OLP89DZ8AREZO1XEOJ07Z9B4CA6"	"3H9KHFULG43W6IOJAUMQZYQKKDEECI"	"Competition study"	"Play a 2-4 minute game and complete a brief survey"	"competition, game, study, experiment"	"$0.25"	"Mon Jun 02 07:32:08 EDT 2014"	"70"	"0"	"0"	"70"	"Reviewable"	"NotReviewed"	"1 condition"	"600"	"60000"	"Mon Jun 09 07:32:08 EDT 2014"	"https://requester.mturk.com/mturk/manageHIT?HITId=302OLP89DZ8AREZO1XEOJ07Z9B4CA6"	"3FUI0JHJPXZOGD1EPRTER8LI3I2330"	"A2EEUQ0YY2XIU"	"Approved"	"Tue Jun 03 00:28:12 EDT 2014"	"Mon Jun 02 07:45:36 EDT 2014"	"Mon Jun 02 07:48:12 EDT 2014"	"Mon Jun 02 08:38:40 EDT 2014"	""	""	""	""	"0"	"1"	"""42"""	"""female"""	"""English"""	"""AJ"""	"""Hey there! This should be fun. """	"0.7246163377699917"	"0.6211376021916865"	"0.8148893360160966"	"0.3058350100603622"	"0.7665995975855131"	"""partner"""	"""2"""	"""1"""	""" No. """	""" """
"302OLP89DZ8AREZO1XEOJ07Z9B4CA6"	"3H9KHFULG43W6IOJAUMQZYQKKDEECI"	"Competition study"	"Play a 2-4 minute game and complete a brief survey"	"competition, game, study, experiment"	"$0.25"	"Mon Jun 02 07:32:08 EDT 2014"	"70"	"0"	"0"	"70"	"Reviewable"	"NotReviewed"	"1 condition"	"600"	"60000"	"Mon Jun 09 07:32:08 EDT 2014"	"https://requester.mturk.com/mturk/manageHIT?HITId=302OLP89DZ8AREZO1XEOJ07Z9B4CA6"	"3R6P78PK7KCU96BWZL6PSFEP1MKTGF"	"A16S0KKQ2MIZHT"	"Approved"	"Tue Jun 03 00:28:14 EDT 2014"	"Mon Jun 02 07:44:00 EDT 2014"	"Mon Jun 02 07:48:14 EDT 2014"	"Mon Jun 02 08:38:40 EDT 2014"	""	""	""	""	"1"	"1"	"""33"""	"""female"""	"""english"""	"""mhk"""	""""""	"0.9659318025699837"	"0.6673346081812062"	"0.2925851091832102"	"0.16032058012509393"	"0.6973947284216871"	"""partner"""	"""2"""	"""1"""	""" no"""	""" """
"302OLP89DZ8AREZO1XEOJ07Z9B4CA6"	"3H9KHFULG43W6IOJAUMQZYQKKDEECI"	"Competition study"	"Play a 2-4 minute game and complete a brief survey"	"competition, game, study, experiment"	"$0.25"	"Mon Jun 02 07:32:08 EDT 2014"	"70"	"0"	"0"	"70"	"Reviewable"	"NotReviewed"	"1 condition"	"600"	"60000"	"Mon Jun 09 07:32:08 EDT 2014"	"https://requester.mturk.com/mturk/manageHIT?HITId=302OLP89DZ8AREZO1XEOJ07Z9B4CA6"	"3NPFYT4IZC51QNKG4V7MHIZVEI7XG1"	"A3UNW0S2AGM9U2"	"Approved"	"Tue Jun 03 00:28:18 EDT 2014"	"Mon Jun 02 07:45:15 EDT 2014"	"Mon Jun 02 07:48:18 EDT 2014"	"Mon Jun 02 08:38:40 EDT 2014"	""	""	""	""	"2"	"1"	"""24"""	"""female"""	"""English"""	"""mw"""	"""I'll try to give you easy ones :)\n\n"""	"0.8701923076923077"	"0.5769230769230769"	"0.3870192307692308"	"0.5384615384615384"	"0.5576923076923077"	"""partner"""	"""2"""	"""1"""	""" Why aren't we playing yet?"""	""" """
"302OLP89DZ8AREZO1XEOJ07Z9B4CA6"	"3H9KHFULG43W6IOJAUMQZYQKKDEECI"	"Competition study"	"Play a 2-4 minute game and complete a brief survey"	"competition, game, study, experiment"	"$0.25"	"Mon Jun 02 07:32:08 EDT 2014"	"70"	"0"	"0"	"70"	"Reviewable"	"NotReviewed"	"1 condition"	"600"	"60000"	"Mon Jun 09 07:32:08 EDT 2014"	"https://requester.mturk.com/mturk/manageHIT?HITId=302OLP89DZ8AREZO1XEOJ07Z9B4CA6"	"333U7HK6I9GXJJ50L1RDKOOJQSDDJK"	"AYY7JSAD0SGXL"	"Approved"	"Tue Jun 03 00:28:23 EDT 2014"	"Mon Jun 02 07:44:55 EDT 2014"	"Mon Jun 02 07:48:23 EDT 2014"	"Mon Jun 02 08:38:41 EDT 2014"	""	""	""	""	"0"	"1"	"""32"""	"""female"""	"""english"""	"""ph"""	"""Definitely\n"""	"0.8493150684931506"	"0.8013698630136986"	"0.5"	"0.1643835616438356"	"0.6655052264808362"	"""opponent"""	"""2"""	"""1"""	""" no"""	""" """
"302OLP89DZ8AREZO1XEOJ07Z9B4CA6"	"3H9KHFULG43W6IOJAUMQZYQKKDEECI"	"Competition study"	"Play a 2-4 minute game and complete a brief survey"	"competition, game, study, experiment"	"$0.25"	"Mon Jun 02 07:32:08 EDT 2014"	"70"	"0"	"0"	"70"	"Reviewable"	"NotReviewed"	"1 condition"	"600"	"60000"	"Mon Jun 09 07:32:08 EDT 2014"	"https://requester.mturk.com/mturk/manageHIT?HITId=302OLP89DZ8AREZO1XEOJ07Z9B4CA6"	"3IO1LGZLK9Y9ETU2KAM8PS5DTVW681"	"A3PPCEDYR2EB22"	"Approved"	"Tue Jun 03 00:29:46 EDT 2014"	"Mon Jun 02 07:45:30 EDT 2014"	"Mon Jun 02 07:49:46 EDT 2014"	"Mon Jun 02 08:38:41 EDT 2014"	""	""	""	""	"0"	"1"	"""66"""	"""female"""	"""English"""	"""mag"""	"""hi, yes we can!"""	"1"	"0.22869318181818182"	"0.7102272727272727"	"0.08522727272727272"	"0.8778409090909091"	"""opponent"""	"""2"""	"""1"""	""" no"""	""" """
"302OLP89DZ8AREZO1XEOJ07Z9B4CA6"	"3H9KHFULG43W6IOJAUMQZYQKKDEECI"	"Competition study"	"Play a 2-4 minute game and complete a brief survey"	"competition, game, study, experiment"	"$0.25"	"Mon Jun 02 07:32:08 EDT 2014"	"70"	"0"	"0"	"70"	"Reviewable"	"NotReviewed"	"1 condition"	"600"	"60000"	"Mon Jun 09 07:32:08 EDT 2014"	"https://requester.mturk.com/mturk/manageHIT?HITId=302OLP89DZ8AREZO1XEOJ07Z9B4CA6"	"3KB8R4ZV1E8UDKHFZZF4SL83VFKBG7"	"A3TZDOVJMLWF0E"	"Approved"	"Tue Jun 03 00:30:44 EDT 2014"	"Mon Jun 02 07:45:21 EDT 2014"	"Mon Jun 02 07:50:44 EDT 2014"	"Mon Jun 02 08:38:41 EDT 2014"	""	""	""	""	"2"	"1"	"""39"""	"""female"""	"""english"""	"""tp"""	"""all the best\n"""	"0.7235576923076923"	"0.7668269230769231"	"0.7932692307692307"	"0.18509615384615385"	"0.7836538461538461"	"""partner"""	"""2"""	"""1"""	""" no"""	""" """
"302OLP89DZ8AREZO1XEOJ07Z9B4CA6"	"3H9KHFULG43W6IOJAUMQZYQKKDEECI"	"Competition study"	"Play a 2-4 minute game and complete a brief survey"	"competition, game, study, experiment"	"$0.25"	"Mon Jun 02 07:32:08 EDT 2014"	"70"	"0"	"0"	"70"	"Reviewable"	"NotReviewed"	"1 condition"	"600"	"60000"	"Mon Jun 09 07:32:08 EDT 2014"	"https://requester.mturk.com/mturk/manageHIT?HITId=302OLP89DZ8AREZO1XEOJ07Z9B4CA6"	"3WEV0KO0OMTQIMOQ8V0RCPF6MBPSDE"	"AKATCXM6HXIU7"	"Approved"	"Tue Jun 03 00:30:47 EDT 2014"	"Mon Jun 02 07:46:54 EDT 2014"	"Mon Jun 02 07:50:47 EDT 2014"	"Mon Jun 02 08:38:41 EDT 2014"	""	""	""	""	"0"	"1"	"""37"""	"""female"""	"""english"""	"""dd"""	"""lets get this started! I know we can do it!"""	"0.8795454545454545"	"0.7568181818181818"	"0.6795454545454546"	"0.8568181818181818"	"0.9954545454545455"	"""neither"""	"""2"""	"""1"""	""" no"""	""" """
"302OLP89DZ8AREZO1XEOJ07Z9B4CA6"	"3H9KHFULG43W6IOJAUMQZYQKKDEECI"	"Competition study"	"Play a 2-4 minute game and complete a brief survey"	"competition, game, study, experiment"	"$0.25"	"Mon Jun 02 07:32:08 EDT 2014"	"70"	"0"	"0"	"70"	"Reviewable"	"NotReviewed"	"1 condition"	"600"	"60000"	"Mon Jun 09 07:32:08 EDT 2014"	"https://requester.mturk.com/mturk/manageHIT?HITId=302OLP89DZ8AREZO1XEOJ07Z9B4CA6"	"373ERPL3YO9LYWKAFW01RJSW3VVTRB"	"A3A69FI0KKHXEG"	"Approved"	"Tue Jun 03 00:32:22 EDT 2014"	"Mon Jun 02 07:48:08 EDT 2014"	"Mon Jun 02 07:52:22 EDT 2014"	"Mon Jun 02 08:38:41 EDT 2014"	""	""	""	""	"0"	"1"	"""29"""	"""female"""	"""english"""	"""MT"""	"""WE SURE CAN\n"""	"0.8557692307692307"	"0.8629807692307693"	"0.6398904454967952"	"0.6491886549119927"	"0.8612917650541523"	"""opponent"""	"""1"""	"""1"""	""" """	""" """
"302OLP89DZ8AREZO1XEOJ07Z9B4CA6"	"3H9KHFULG43W6IOJAUMQZYQKKDEECI"	"Competition study"	"Play a 2-4 minute game and complete a brief survey"	"competition, game, study, experiment"	"$0.25"	"Mon Jun 02 07:32:08 EDT 2014"	"70"	"0"	"0"	"70"	"Reviewable"	"NotReviewed"	"1 condition"	"600"	"60000"	"Mon Jun 09 07:32:08 EDT 2014"	"https://requester.mturk.com/mturk/manageHIT?HITId=302OLP89DZ8AREZO1XEOJ07Z9B4CA6"	"37M28K1J0QEZLC2O1R0BUNGD5PGJAO"	"A29PB2C8XD8TVG"	"Approved"	"Tue Jun 03 00:32:39 EDT 2014"	"Mon Jun 02 07:48:20 EDT 2014"	"Mon Jun 02 07:52:39 EDT 2014"	"Mon Jun 02 08:38:41 EDT 2014"	""	""	""	""	"1"	"1"	"""53"""	"""female"""	"""english"""	"""ms"""	"""I'll get good words!"""	"0.9229208305931478"	"0.5030425344471032"	"0.42190663181018634"	"0.5415820881996387"	"0.6490871591935535"	"""partner"""	"""2"""	"""1"""	""" no"""	""" """
"302OLP89DZ8AREZO1XEOJ07Z9B4CA6"	"3H9KHFULG43W6IOJAUMQZYQKKDEECI"	"Competition study"	"Play a 2-4 minute game and complete a brief survey"	"competition, game, study, experiment"	"$0.25"	"Mon Jun 02 07:32:08 EDT 2014"	"70"	"0"	"0"	"70"	"Reviewable"	"NotReviewed"	"1 condition"	"600"	"60000"	"Mon Jun 09 07:32:08 EDT 2014"	"https://requester.mturk.com/mturk/manageHIT?HITId=302OLP89DZ8AREZO1XEOJ07Z9B4CA6"	"3K4J6M3CXEUPUACNTLF8XAOXDXZGAH"	"A23O7BIKKPOZ2L"	"Approved"	"Tue Jun 03 00:32:48 EDT 2014"	"Mon Jun 02 07:44:36 EDT 2014"	"Mon Jun 02 07:52:48 EDT 2014"	"Mon Jun 02 08:38:41 EDT 2014"	""	""	""	""	"1"	"1"	"""22"""	"""female"""	"""English"""	"""JD"""	"""Yeah! Let's do our best.\n"""	"0.9216710182767625"	"0.8903394255874674"	"0.6501305483028721"	"0.5013054830287206"	"0.762402088772846"	"""partner"""	"""2"""	"""1"""	""" Nope. Things seem pretty clear."""	""" Nothing to add."""
"302OLP89DZ8AREZO1XEOJ07Z9B4CA6"	"3H9KHFULG43W6IOJAUMQZYQKKDEECI"	"Competition study"	"Play a 2-4 minute game and complete a brief survey"	"competition, game, study, experiment"	"$0.25"	"Mon Jun 02 07:32:08 EDT 2014"	"70"	"0"	"0"	"70"	"Reviewable"	"NotReviewed"	"1 condition"	"600"	"60000"	"Mon Jun 09 07:32:08 EDT 2014"	"https://requester.mturk.com/mturk/manageHIT?HITId=302OLP89DZ8AREZO1XEOJ07Z9B4CA6"	"37W3JXSD669MNE0QOWX6MZSSACSYW8"	"A1IOJ2LGMGISYM"	"Approved"	"Tue Jun 03 00:33:17 EDT 2014"	"Mon Jun 02 07:49:31 EDT 2014"	"Mon Jun 02 07:53:17 EDT 2014"	"Mon Jun 02 08:38:42 EDT 2014"	""	""	""	""	"1"	"1"	"""26"""	"""female"""	"""English"""	"""LN"""	"""Let's crush them!\n"""	"1"	"0.31865284974093266"	"0.6528497409326425"	"0.20725388601036268"	"0.8186528497409327"	"""partner"""	"""2"""	"""1"""	""" nope"""	""" """
"302OLP89DZ8AREZO1XEOJ07Z9B4CA6"	"3H9KHFULG43W6IOJAUMQZYQKKDEECI"	"Competition study"	"Play a 2-4 minute game and complete a brief survey"	"competition, game, study, experiment"	"$0.25"	"Mon Jun 02 07:32:08 EDT 2014"	"70"	"0"	"0"	"70"	"Reviewable"	"NotReviewed"	"1 condition"	"600"	"60000"	"Mon Jun 09 07:32:08 EDT 2014"	"https://requester.mturk.com/mturk/manageHIT?HITId=302OLP89DZ8AREZO1XEOJ07Z9B4CA6"	"3NLZY2D53PQX3IX5T89A028ADW7LQZ"	"A1D8CRWLA7063I"	"Approved"	"Tue Jun 03 00:34:36 EDT 2014"	"Mon Jun 02 07:49:20 EDT 2014"	"Mon Jun 02 07:54:36 EDT 2014"	"Mon Jun 02 08:38:42 EDT 2014"	""	""	""	""	"0"	"1"	"""32"""	"""female"""	"""ENGLISH"""	"""SI"""	"""Lets do it!"""	"1"	"0.5"	"0.5"	"0"	"0.5"	"""partner"""	"""2"""	"""1"""	""" no, everything is very clear."""	""" thank you"""
"302OLP89DZ8AREZO1XEOJ07Z9B4CA6"	"3H9KHFULG43W6IOJAUMQZYQKKDEECI"	"Competition study"	"Play a 2-4 minute game and complete a brief survey"	"competition, game, study, experiment"	"$0.25"	"Mon Jun 02 07:32:08 EDT 2014"	"70"	"0"	"0"	"70"	"Reviewable"	"NotReviewed"	"1 condition"	"600"	"60000"	"Mon Jun 09 07:32:08 EDT 2014"	"https://requester.mturk.com/mturk/manageHIT?HITId=302OLP89DZ8AREZO1XEOJ07Z9B4CA6"	"34T446B1C0FGCLY0ZXMWIDR56JV0C0"	"A2E3TO92MCQ9XU"	"Approved"	"Tue Jun 03 00:34:49 EDT 2014"	"Mon Jun 02 07:48:49 EDT 2014"	"Mon Jun 02 07:54:49 EDT 2014"	"Mon Jun 02 08:38:42 EDT 2014"	""	""	""	""	"0"	"1"	"""35"""	"""female"""	"""English"""	"""JS"""	"""OK PARTNER!"""	"0.5"	"0.5"	"0.5"	"0.30333333333333334"	"0.5"	"""neither"""	"""2"""	"""2"""	""" no"""	""" """
"302OLP89DZ8AREZO1XEOJ07Z9B4CA6"	"3H9KHFULG43W6IOJAUMQZYQKKDEECI"	"Competition study"	"Play a 2-4 minute game and complete a brief survey"	"competition, game, study, experiment"	"$0.25"	"Mon Jun 02 07:32:08 EDT 2014"	"70"	"0"	"0"	"70"	"Reviewable"	"NotReviewed"	"1 condition"	"600"	"60000"	"Mon Jun 09 07:32:08 EDT 2014"	"https://requester.mturk.com/mturk/manageHIT?HITId=302OLP89DZ8AREZO1XEOJ07Z9B4CA6"	"3VSOLARPKBAAVFQU60UOILO43AC39H"	"A3LMI7ZDFO8JHR"	"Approved"	"Tue Jun 03 00:35:00 EDT 2014"	"Mon Jun 02 07:50:47 EDT 2014"	"Mon Jun 02 07:55:00 EDT 2014"	"Mon Jun 02 08:38:42 EDT 2014"	""	""	""	""	"1"	"1"	"""28"""	"""female"""	"""english"""	"""MD"""	"""OK"""	"0.785024154589372"	"0.7946859903381642"	"0.9734299516908212"	"0.2391304347826087"	"0.9903381642512077"	"""partner"""	"""2"""	"""1"""	""" no"""	""" """
"302OLP89DZ8AREZO1XEOJ07Z9B4CA6"	"3H9KHFULG43W6IOJAUMQZYQKKDEECI"	"Competition study"	"Play a 2-4 minute game and complete a brief survey"	"competition, game, study, experiment"	"$0.25"	"Mon Jun 02 07:32:08 EDT 2014"	"70"	"0"	"0"	"70"	"Reviewable"	"NotReviewed"	"1 condition"	"600"	"60000"	"Mon Jun 09 07:32:08 EDT 2014"	"https://requester.mturk.com/mturk/manageHIT?HITId=302OLP89DZ8AREZO1XEOJ07Z9B4CA6"	"33IZTU6J8124GST7ZV136WIY2T1XSL"	"A13T61GJTR2Y9B"	"Approved"	"Tue Jun 03 00:35:32 EDT 2014"	"Mon Jun 02 07:51:05 EDT 2014"	"Mon Jun 02 07:55:32 EDT 2014"	"Mon Jun 02 08:38:42 EDT 2014"	""	""	""	""	"1"	"1"	"""37"""	"""female"""	"""English"""	"""rs"""	"""I know we can. Let's do it!"""	"1"	"0.45182724252491696"	"0.7375415282392026"	"0.10299003322259136"	"0.5548172757475083"	"""partner"""	"""2"""	"""1"""	""" no"""	""" """
"302OLP89DZ8AREZO1XEOJ07Z9B4CA6"	"3H9KHFULG43W6IOJAUMQZYQKKDEECI"	"Competition study"	"Play a 2-4 minute game and complete a brief survey"	"competition, game, study, experiment"	"$0.25"	"Mon Jun 02 07:32:08 EDT 2014"	"70"	"0"	"0"	"70"	"Reviewable"	"NotReviewed"	"1 condition"	"600"	"60000"	"Mon Jun 09 07:32:08 EDT 2014"	"https://requester.mturk.com/mturk/manageHIT?HITId=302OLP89DZ8AREZO1XEOJ07Z9B4CA6"	"3IQ1VMJRYTLAF0PFFF9Y5T2A9K49AJ"	"A9J48W1C9IZAI"	"Approved"	"Tue Jun 03 00:35:52 EDT 2014"	"Mon Jun 02 07:50:50 EDT 2014"	"Mon Jun 02 07:55:52 EDT 2014"	"Mon Jun 02 08:40:07 EDT 2014"	""	""	""	""	"2"	"1"	"""47"""	"""female"""	"""english """	"""TDC"""	"""Hopefully this is easy and you can do it quickly"""	"0.7244897959183674"	"0.6224489795918368"	"0.5357142857142857"	"0.6122448979591837"	"0.45153061224489793"	"""partner"""	"""2"""	"""2"""	""" I wonder if the people are real -  There were three sample words"""	""" none"""
"302OLP89DZ8AREZO1XEOJ07Z9B4CA6"	"3H9KHFULG43W6IOJAUMQZYQKKDEECI"	"Competition study"	"Play a 2-4 minute game and complete a brief survey"	"competition, game, study, experiment"	"$0.25"	"Mon Jun 02 07:32:08 EDT 2014"	"70"	"0"	"0"	"70"	"Reviewable"	"NotReviewed"	"1 condition"	"600"	"60000"	"Mon Jun 09 07:32:08 EDT 2014"	"https://requester.mturk.com/mturk/manageHIT?HITId=302OLP89DZ8AREZO1XEOJ07Z9B4CA6"	"3SLE99ER0NEU41CKPR3TDSO965EZBK"	"A2BM4OQ4QLFF8I"	"Approved"	"Tue Jun 03 00:37:21 EDT 2014"	"Mon Jun 02 07:54:10 EDT 2014"	"Mon Jun 02 07:57:21 EDT 2014"	"Mon Jun 02 08:40:07 EDT 2014"	""	""	""	""	"0"	"1"	"""26"""	"""female"""	"""English"""	"""VKO"""	"""hi :)"""	"0.7067837122534407"	"0.5716878956761854"	"0.7205082223549513"	"0.2885662985799966"	"0.9110708357850783"	"""partner"""	"""5"""	"""2"""	""" no"""	""" """
"302OLP89DZ8AREZO1XEOJ07Z9B4CA6"	"3H9KHFULG43W6IOJAUMQZYQKKDEECI"	"Competition study"	"Play a 2-4 minute game and complete a brief survey"	"competition, game, study, experiment"	"$0.25"	"Mon Jun 02 07:32:08 EDT 2014"	"70"	"0"	"0"	"70"	"Reviewable"	"NotReviewed"	"1 condition"	"600"	"60000"	"Mon Jun 09 07:32:08 EDT 2014"	"https://requester.mturk.com/mturk/manageHIT?HITId=302OLP89DZ8AREZO1XEOJ07Z9B4CA6"	"3WT783CTPBIHW81AXDJL2UNOXNSCBY"	"A1AQK667NBERJ1"	"Approved"	"Tue Jun 03 00:40:44 EDT 2014"	"Mon Jun 02 07:57:59 EDT 2014"	"Mon Jun 02 08:00:44 EDT 2014"	"Mon Jun 02 08:40:07 EDT 2014"	""	""	""	""	"1"	"1"	"""32"""	"""female"""	"""English"""	"""df"""	""""""	"0.9468599033816425"	"0.4106280193236715"	"0.6811594202898551"	"0.055691427762421086"	"0.8405797101449275"	"""partner"""	"""2"""	"""1"""	""" No."""	""" """
"302OLP89DZ8AREZO1XEOJ07Z9B4CA6"	"3H9KHFULG43W6IOJAUMQZYQKKDEECI"	"Competition study"	"Play a 2-4 minute game and complete a brief survey"	"competition, game, study, experiment"	"$0.25"	"Mon Jun 02 07:32:08 EDT 2014"	"70"	"0"	"0"	"70"	"Reviewable"	"NotReviewed"	"1 condition"	"600"	"60000"	"Mon Jun 09 07:32:08 EDT 2014"	"https://requester.mturk.com/mturk/manageHIT?HITId=302OLP89DZ8AREZO1XEOJ07Z9B4CA6"	"3X4MXAO0BGPDQDO4A15CE3ZV7PDWR4"	"A2LFVJ28A2J2PK"	"Approved"	"Tue Jun 03 00:43:19 EDT 2014"	"Mon Jun 02 07:56:17 EDT 2014"	"Mon Jun 02 08:03:19 EDT 2014"	"Mon Jun 02 08:40:08 EDT 2014"	""	""	""	""	"0"	"1"	"""36"""	"""female"""	"""English"""	"""LA"""	"""Agree"""	"1"	"0.7025316455696202"	"0.5664556962025317"	"0.13924050632911392"	"0.5949367088607594"	"""partner"""	"""2"""	"""1"""	"""Nothing strange."""	""" """
"302OLP89DZ8AREZO1XEOJ07Z9B4CA6"	"3H9KHFULG43W6IOJAUMQZYQKKDEECI"	"Competition study"	"Play a 2-4 minute game and complete a brief survey"	"competition, game, study, experiment"	"$0.25"	"Mon Jun 02 07:32:08 EDT 2014"	"70"	"0"	"0"	"70"	"Reviewable"	"NotReviewed"	"1 condition"	"600"	"60000"	"Mon Jun 09 07:32:08 EDT 2014"	"https://requester.mturk.com/mturk/manageHIT?HITId=302OLP89DZ8AREZO1XEOJ07Z9B4CA6"	"3HHRAGRYX86ZH4JGPYEG6OMFY189OI"	"A2SNX0RFIPIO60"	"Approved"	"Tue Jun 03 00:43:34 EDT 2014"	"Mon Jun 02 07:55:56 EDT 2014"	"Mon Jun 02 08:03:34 EDT 2014"	"Mon Jun 02 08:40:08 EDT 2014"	""	""	""	""	"2"	"1"	"""37"""	"""female"""	"""english"""	"""nb"""	"""yep, we got this"""	"1"	"1"	"0.7142857142857143"	"0.19631901840490798"	"1"	"""opponent"""	"""5"""	"""5"""	""" none"""	""" """
"302OLP89DZ8AREZO1XEOJ07Z9B4CA6"	"3H9KHFULG43W6IOJAUMQZYQKKDEECI"	"Competition study"	"Play a 2-4 minute game and complete a brief survey"	"competition, game, study, experiment"	"$0.25"	"Mon Jun 02 07:32:08 EDT 2014"	"70"	"0"	"0"	"70"	"Reviewable"	"NotReviewed"	"1 condition"	"600"	"60000"	"Mon Jun 09 07:32:08 EDT 2014"	"https://requester.mturk.com/mturk/manageHIT?HITId=302OLP89DZ8AREZO1XEOJ07Z9B4CA6"	"3NVC2EB65Q0PWGY2ECM4H2HVCJX3Y6"	"A1KU1C1G6EZKO8"	"Approved"	"Tue Jun 03 00:48:32 EDT 2014"	"Mon Jun 02 08:03:22 EDT 2014"	"Mon Jun 02 08:08:32 EDT 2014"	"Mon Jun 02 08:40:08 EDT 2014"	""	""	""	""	"1"	"1"	"""30"""	"""female"""	"""English"""	"""KB"""	"""Ready to win!"""	"0.8133333333333334"	"0.53"	"0.31333333333333335"	"0.7116666666666667"	"0.5466666666666666"	"""partner"""	"""1"""	"""1"""	""" No"""	""" None"""
"302OLP89DZ8AREZO1XEOJ07Z9B4CA6"	"3H9KHFULG43W6IOJAUMQZYQKKDEECI"	"Competition study"	"Play a 2-4 minute game and complete a brief survey"	"competition, game, study, experiment"	"$0.25"	"Mon Jun 02 07:32:08 EDT 2014"	"70"	"0"	"0"	"70"	"Reviewable"	"NotReviewed"	"1 condition"	"600"	"60000"	"Mon Jun 09 07:32:08 EDT 2014"	"https://requester.mturk.com/mturk/manageHIT?HITId=302OLP89DZ8AREZO1XEOJ07Z9B4CA6"	"3ERET4BTVMAGRDY1R6MNZ756EWYK99"	"AGXEPC5GG6JCE"	"Approved"	"Tue Jun 03 00:54:41 EDT 2014"	"Mon Jun 02 08:06:59 EDT 2014"	"Mon Jun 02 08:14:41 EDT 2014"	"Mon Jun 02 08:40:08 EDT 2014"	""	""	""	""	"2"	"1"	"""29"""	"""female"""	"""English"""	"""ALV"""	"""We definitely will! :)"""	"0.9683333333333334"	"0.6133333333333333"	"0.6633333333333333"	"0.27666666666666667"	"0.6783333333333333"	"""opponent"""	"""2"""	"""1"""	""" No"""	""" """
"302OLP89DZ8AREZO1XEOJ07Z9B4CA6"	"3H9KHFULG43W6IOJAUMQZYQKKDEECI"	"Competition study"	"Play a 2-4 minute game and complete a brief survey"	"competition, game, study, experiment"	"$0.25"	"Mon Jun 02 07:32:08 EDT 2014"	"70"	"0"	"0"	"70"	"Reviewable"	"NotReviewed"	"1 condition"	"600"	"60000"	"Mon Jun 09 07:32:08 EDT 2014"	"https://requester.mturk.com/mturk/manageHIT?HITId=302OLP89DZ8AREZO1XEOJ07Z9B4CA6"	"3FPRZHYEPY88SM3X91ZKA3D1U2VV3P"	"A1KLKBR91IBJC2"	"Approved"	"Tue Jun 03 00:54:56 EDT 2014"	"Mon Jun 02 08:11:19 EDT 2014"	"Mon Jun 02 08:14:56 EDT 2014"	"Mon Jun 02 08:40:08 EDT 2014"	""	""	""	""	"2"	"1"	"""20"""	"""female"""	"""English"""	"""MG"""	"""testtest\n"""	"0.7427884615384616"	"0.6538461538461539"	"0.6923076923076923"	"0.7716346153846154"	"0.6009615384615384"	"""opponent"""	"""2"""	"""1"""	""" Not sure if people are real"""	""" """
"302OLP89DZ8AREZO1XEOJ07Z9B4CA6"	"3H9KHFULG43W6IOJAUMQZYQKKDEECI"	"Competition study"	"Play a 2-4 minute game and complete a brief survey"	"competition, game, study, experiment"	"$0.25"	"Mon Jun 02 07:32:08 EDT 2014"	"70"	"0"	"0"	"70"	"Reviewable"	"NotReviewed"	"1 condition"	"600"	"60000"	"Mon Jun 09 07:32:08 EDT 2014"	"https://requester.mturk.com/mturk/manageHIT?HITId=302OLP89DZ8AREZO1XEOJ07Z9B4CA6"	"3V0Z7YWSIY1J747E51LFRT89OOVV2E"	"AOZUH34LIFNTA"	"Approved"	"Tue Jun 03 00:55:50 EDT 2014"	"Mon Jun 02 08:11:04 EDT 2014"	"Mon Jun 02 08:15:50 EDT 2014"	"Mon Jun 02 08:40:08 EDT 2014"	""	""	""	""	"1"	"1"	"""37"""	"""female"""	"""English"""	"""JF"""	"""Good luck"""	"0.7740764811751827"	"0.24335867632762093"	"0.9522375449434344"	"0.17828540700714898"	"0.43886260589701"	"""partner"""	"""2"""	"""1"""	""" No"""	""" """
"302OLP89DZ8AREZO1XEOJ07Z9B4CA6"	"3H9KHFULG43W6IOJAUMQZYQKKDEECI"	"Competition study"	"Play a 2-4 minute game and complete a brief survey"	"competition, game, study, experiment"	"$0.25"	"Mon Jun 02 07:32:08 EDT 2014"	"70"	"0"	"0"	"70"	"Reviewable"	"NotReviewed"	"1 condition"	"600"	"60000"	"Mon Jun 09 07:32:08 EDT 2014"	"https://requester.mturk.com/mturk/manageHIT?HITId=302OLP89DZ8AREZO1XEOJ07Z9B4CA6"	"3Q5C1WP23M2VKPA3G63OIC45JUG511"	"A1I1Z5HLH9T9UX"	"Approved"	"Tue Jun 03 00:57:42 EDT 2014"	"Mon Jun 02 08:13:32 EDT 2014"	"Mon Jun 02 08:17:42 EDT 2014"	"Mon Jun 02 08:40:08 EDT 2014"	""	""	""	""	"2"	"1"	"""30"""	"""female"""	"""English"""	"""AJG"""	"""Good luck!"""	"0.5"	"0.5"	"0.5"	"0.5"	"0.5"	"""opponent"""	"""5"""	"""1"""	""" """	""" """
"302OLP89DZ8AREZO1XEOJ07Z9B4CA6"	"3H9KHFULG43W6IOJAUMQZYQKKDEECI"	"Competition study"	"Play a 2-4 minute game and complete a brief survey"	"competition, game, study, experiment"	"$0.25"	"Mon Jun 02 07:32:08 EDT 2014"	"70"	"0"	"0"	"70"	"Reviewable"	"NotReviewed"	"1 condition"	"600"	"60000"	"Mon Jun 09 07:32:08 EDT 2014"	"https://requester.mturk.com/mturk/manageHIT?HITId=302OLP89DZ8AREZO1XEOJ07Z9B4CA6"	"3V26SBZTBDFQMZF0V5JWZAVCX80ZZQ"	"A2YDAT2CKQ0V0D"	"Approved"	"Tue Jun 03 00:58:36 EDT 2014"	"Mon Jun 02 08:10:41 EDT 2014"	"Mon Jun 02 08:18:36 EDT 2014"	"Mon Jun 02 08:40:09 EDT 2014"	""	""	""	""	"2"	"1"	"""21"""	"""female"""	"""English"""	"""SB"""	"""Yup we got it"""	"0.939799331103679"	"0.6354515050167224"	"0.8394648829431438"	"0.7525083612040134"	"0.802675585284281"	"""opponent"""	"""2"""	"""1"""	""" No"""	""" My game was really laggy"""
"302OLP89DZ8AREZO1XEOJ07Z9B4CA6"	"3H9KHFULG43W6IOJAUMQZYQKKDEECI"	"Competition study"	"Play a 2-4 minute game and complete a brief survey"	"competition, game, study, experiment"	"$0.25"	"Mon Jun 02 07:32:08 EDT 2014"	"70"	"0"	"0"	"70"	"Reviewable"	"NotReviewed"	"1 condition"	"600"	"60000"	"Mon Jun 09 07:32:08 EDT 2014"	"https://requester.mturk.com/mturk/manageHIT?HITId=302OLP89DZ8AREZO1XEOJ07Z9B4CA6"	"3BXQMRHWKZZ91TM7ATUUAGKOGM3MU7"	"AELOYBHVZFDW9"	"Approved"	"Tue Jun 03 01:00:08 EDT 2014"	"Mon Jun 02 08:16:06 EDT 2014"	"Mon Jun 02 08:20:08 EDT 2014"	"Mon Jun 02 08:40:09 EDT 2014"	""	""	""	""	"1"	"1"	"""53"""	"""female"""	"""english"""	"""jl"""	"""Good luck!"""	"0.29273577692567226"	"0.5"	"0.686222340518245"	"0.12809469903183393"	"0.5"	"""partner"""	"""2"""	"""1"""	""" no"""	""" """
"302OLP89DZ8AREZO1XEOJ07Z9B4CA6"	"3H9KHFULG43W6IOJAUMQZYQKKDEECI"	"Competition study"	"Play a 2-4 minute game and complete a brief survey"	"competition, game, study, experiment"	"$0.25"	"Mon Jun 02 07:32:08 EDT 2014"	"70"	"0"	"0"	"70"	"Reviewable"	"NotReviewed"	"1 condition"	"600"	"60000"	"Mon Jun 09 07:32:08 EDT 2014"	"https://requester.mturk.com/mturk/manageHIT?HITId=302OLP89DZ8AREZO1XEOJ07Z9B4CA6"	"3WETL7AQWT9RUSOI3AH765J2HEU53T"	"AECIGP7A435LI"	"Approved"	"Tue Jun 03 01:00:57 EDT 2014"	"Mon Jun 02 08:15:29 EDT 2014"	"Mon Jun 02 08:20:57 EDT 2014"	"Mon Jun 02 08:40:09 EDT 2014"	""	""	""	""	"0"	"1"	"""34"""	"""female"""	"""english"""	"""bb"""	"""yep"""	"0.8011028554507609"	"0.5"	"0.6287481460311402"	"0.3128834355828221"	"0.8096715325497084"	"""neither"""	"""2"""	"""1"""	""" no"""	""" """
"302OLP89DZ8AREZO1XEOJ07Z9B4CA6"	"3H9KHFULG43W6IOJAUMQZYQKKDEECI"	"Competition study"	"Play a 2-4 minute game and complete a brief survey"	"competition, game, study, experiment"	"$0.25"	"Mon Jun 02 07:32:08 EDT 2014"	"70"	"0"	"0"	"70"	"Reviewable"	"NotReviewed"	"1 condition"	"600"	"60000"	"Mon Jun 09 07:32:08 EDT 2014"	"https://requester.mturk.com/mturk/manageHIT?HITId=302OLP89DZ8AREZO1XEOJ07Z9B4CA6"	"31IBVUNM9S038YJQTW0MBC2YXS1FVJ"	"A3BL2ZEODD79AZ"	"Approved"	"Tue Jun 03 01:02:03 EDT 2014"	"Mon Jun 02 08:16:03 EDT 2014"	"Mon Jun 02 08:22:03 EDT 2014"	"Mon Jun 02 08:40:09 EDT 2014"	""	""	""	""	"0"	"1"	"""39"""	"""female"""	"""English"""	"""ls"""	"""heck yes"""	"0.9457364341085271"	"0.9612403100775194"	"0.12919896640826872"	"0"	"0.8501291989664083"	"""opponent"""	"""2"""	"""1"""	""" No"""	""" """
"302OLP89DZ8AREZO1XEOJ07Z9B4CA6"	"3H9KHFULG43W6IOJAUMQZYQKKDEECI"	"Competition study"	"Play a 2-4 minute game and complete a brief survey"	"competition, game, study, experiment"	"$0.25"	"Mon Jun 02 07:32:08 EDT 2014"	"70"	"0"	"0"	"70"	"Reviewable"	"NotReviewed"	"1 condition"	"600"	"60000"	"Mon Jun 09 07:32:08 EDT 2014"	"https://requester.mturk.com/mturk/manageHIT?HITId=302OLP89DZ8AREZO1XEOJ07Z9B4CA6"	"3DR23U6WE5FWPSF5TQG1SCTDO65ETJ"	"A18RDBJFY3QWZL"	"Approved"	"Tue Jun 03 01:02:31 EDT 2014"	"Mon Jun 02 08:13:26 EDT 2014"	"Mon Jun 02 08:22:31 EDT 2014"	"Mon Jun 02 08:40:09 EDT 2014"	""	""	""	""	"1"	"1"	"""21"""	"""female"""	"""English"""	"""RD"""	"""You can do this! We'll do well :)\n"""	"1"	"0.6494845360824743"	"0.6056701030927835"	"0.3595444625717027"	"0.6826490811362682"	"""partner"""	"""2"""	"""1"""	""" No, everything has been clear."""	""" """
"302OLP89DZ8AREZO1XEOJ07Z9B4CA6"	"3H9KHFULG43W6IOJAUMQZYQKKDEECI"	"Competition study"	"Play a 2-4 minute game and complete a brief survey"	"competition, game, study, experiment"	"$0.25"	"Mon Jun 02 07:32:08 EDT 2014"	"70"	"0"	"0"	"70"	"Reviewable"	"NotReviewed"	"1 condition"	"600"	"60000"	"Mon Jun 09 07:32:08 EDT 2014"	"https://requester.mturk.com/mturk/manageHIT?HITId=302OLP89DZ8AREZO1XEOJ07Z9B4CA6"	"3P4RDNWND57ERULMDFSOBL4WIXMIJS"	"AOPG07J95DDJT"	"Approved"	"Tue Jun 03 01:05:32 EDT 2014"	"Mon Jun 02 08:19:04 EDT 2014"	"Mon Jun 02 08:25:32 EDT 2014"	"Mon Jun 02 08:40:09 EDT 2014"	""	""	""	""	"2"	"1"	"""28"""	"""female"""	"""English"""	"""SEH"""	""""""	"0.35135135135135137"	"0.6283783783783784"	"0.652027027027027"	"0.7804054054054054"	"0.8378378378378378"	"""opponent"""	"""2"""	"""1"""	""" Nope."""	""" """
"302OLP89DZ8AREZO1XEOJ07Z9B4CA6"	"3H9KHFULG43W6IOJAUMQZYQKKDEECI"	"Competition study"	"Play a 2-4 minute game and complete a brief survey"	"competition, game, study, experiment"	"$0.25"	"Mon Jun 02 07:32:08 EDT 2014"	"70"	"0"	"0"	"70"	"Reviewable"	"NotReviewed"	"1 condition"	"600"	"60000"	"Mon Jun 09 07:32:08 EDT 2014"	"https://requester.mturk.com/mturk/manageHIT?HITId=302OLP89DZ8AREZO1XEOJ07Z9B4CA6"	"3WOKGM4L71HHLAV3P2VNDDLMVXF0OY"	"A3HMBHM8HJLKRD"	"Approved"	"Tue Jun 03 01:06:48 EDT 2014"	"Mon Jun 02 08:22:34 EDT 2014"	"Mon Jun 02 08:26:48 EDT 2014"	"Mon Jun 02 08:40:10 EDT 2014"	""	""	""	""	"2"	"1"	"""53"""	"""female"""	"""English"""	"""ww"""	"""Yes, we can!"""	"1"	"0.16129032258064516"	"0.8732718894009217"	"0.6013824884792627"	"0.9354838709677419"	"""opponent"""	"""2"""	"""1"""	""" no"""	""" """
"302OLP89DZ8AREZO1XEOJ07Z9B4CA6"	"3H9KHFULG43W6IOJAUMQZYQKKDEECI"	"Competition study"	"Play a 2-4 minute game and complete a brief survey"	"competition, game, study, experiment"	"$0.25"	"Mon Jun 02 07:32:08 EDT 2014"	"70"	"0"	"0"	"70"	"Reviewable"	"NotReviewed"	"1 condition"	"600"	"60000"	"Mon Jun 09 07:32:08 EDT 2014"	"https://requester.mturk.com/mturk/manageHIT?HITId=302OLP89DZ8AREZO1XEOJ07Z9B4CA6"	"3LRKMWOKB5I0GOCO6YAICZL5CZ22ZM"	"A14PFRHG0A2YY9"	"Approved"	"Tue Jun 03 01:08:40 EDT 2014"	"Mon Jun 02 08:22:17 EDT 2014"	"Mon Jun 02 08:28:40 EDT 2014"	"Mon Jun 02 08:40:10 EDT 2014"	""	""	""	""	"1"	"1"	"""45"""	"""female"""	"""english"""	"""ds"""	"""We can do this!!!!"""	"1"	"0.8160920417171785"	"0.8706897428666038"	"0"	"1"	"""partner"""	"""2"""	"""2"""	""" no"""	""" Thanks"""
"302OLP89DZ8AREZO1XEOJ07Z9B4CA6"	"3H9KHFULG43W6IOJAUMQZYQKKDEECI"	"Competition study"	"Play a 2-4 minute game and complete a brief survey"	"competition, game, study, experiment"	"$0.25"	"Mon Jun 02 07:32:08 EDT 2014"	"70"	"0"	"0"	"70"	"Reviewable"	"NotReviewed"	"1 condition"	"600"	"60000"	"Mon Jun 09 07:32:08 EDT 2014"	"https://requester.mturk.com/mturk/manageHIT?HITId=302OLP89DZ8AREZO1XEOJ07Z9B4CA6"	"32UTUBMZ7GXDVH7AOUEQSMBDIU9BVX"	"AVXEDARJC5HLU"	"Approved"	"Tue Jun 03 01:17:38 EDT 2014"	"Mon Jun 02 08:33:26 EDT 2014"	"Mon Jun 02 08:37:38 EDT 2014"	"Mon Jun 02 08:40:10 EDT 2014"	""	""	""	""	"1"	"1"	"""39"""	"""female"""	"""English"""	"""BKO"""	"""Yes we can"""	"0.9973189530359836"	"0.6729221701941606"	"0.7640749852075653"	"0.4155495160386645"	"0.5013477088948787"	"""partner"""	"""2"""	"""1"""	""" no"""	""" """
"302OLP89DZ8AREZO1XEOJ07Z9B4CA6"	"3H9KHFULG43W6IOJAUMQZYQKKDEECI"	"Competition study"	"Play a 2-4 minute game and complete a brief survey"	"competition, game, study, experiment"	"$0.25"	"Mon Jun 02 07:32:08 EDT 2014"	"70"	"0"	"0"	"70"	"Reviewable"	"NotReviewed"	"1 condition"	"600"	"60000"	"Mon Jun 09 07:32:08 EDT 2014"	"https://requester.mturk.com/mturk/manageHIT?HITId=302OLP89DZ8AREZO1XEOJ07Z9B4CA6"	"3Z9WI9EOZZP96JGKPIAFCO3UX97KH0"	"A1XDXU43RJY8X7"	"Approved"	"Tue Jun 03 01:30:32 EDT 2014"	"Mon Jun 02 08:47:53 EDT 2014"	"Mon Jun 02 08:50:32 EDT 2014"	"Mon Jun 02 09:52:28 EDT 2014"	""	""	""	""	"1"	"1"	"""31"""	"""female"""	"""ENGLISH"""	"""JS"""	""""""	"0.9999999380982189"	"0.5273833052381782"	"0.7363082545282391"	"0"	"0.0953346236965961"	"""partner"""	"""2"""	"""1"""	""" no"""	""" none"""
"302OLP89DZ8AREZO1XEOJ07Z9B4CA6"	"3H9KHFULG43W6IOJAUMQZYQKKDEECI"	"Competition study"	"Play a 2-4 minute game and complete a brief survey"	"competition, game, study, experiment"	"$0.25"	"Mon Jun 02 07:32:08 EDT 2014"	"70"	"0"	"0"	"70"	"Reviewable"	"NotReviewed"	"1 condition"	"600"	"60000"	"Mon Jun 09 07:32:08 EDT 2014"	"https://requester.mturk.com/mturk/manageHIT?HITId=302OLP89DZ8AREZO1XEOJ07Z9B4CA6"	"34MAJL3QP4O9Y9KIP5YX1DDOHI043O"	"A1YPKT2UPUQ464"	"Approved"	"Tue Jun 03 01:51:23 EDT 2014"	"Mon Jun 02 09:05:50 EDT 2014"	"Mon Jun 02 09:11:23 EDT 2014"	"Mon Jun 02 09:52:28 EDT 2014"	""	""	""	""	"0"	"1"	"""61"""	"""female"""	"""English"""	"""SS"""	"""Good luck!"""	"0.834333877517535"	"0.7666057584469447"	"0.7634234651977911"	"0.8420440397254393"	"0.5314644599835078"	"""opponent"""	"""2"""	"""1"""	""" I thought there were 3 words in the sample round but now I'm a little confused."""	""" Thanks"""
"302OLP89DZ8AREZO1XEOJ07Z9B4CA6"	"3H9KHFULG43W6IOJAUMQZYQKKDEECI"	"Competition study"	"Play a 2-4 minute game and complete a brief survey"	"competition, game, study, experiment"	"$0.25"	"Mon Jun 02 07:32:08 EDT 2014"	"70"	"0"	"0"	"70"	"Reviewable"	"NotReviewed"	"1 condition"	"600"	"60000"	"Mon Jun 09 07:32:08 EDT 2014"	"https://requester.mturk.com/mturk/manageHIT?HITId=302OLP89DZ8AREZO1XEOJ07Z9B4CA6"	"3JMSRU9HQIVB2KJUYLGGTUHYLRNEV1"	"A1FO4GE9L4096O"	"Approved"	"Tue Jun 03 01:56:12 EDT 2014"	"Mon Jun 02 09:13:52 EDT 2014"	"Mon Jun 02 09:16:12 EDT 2014"	"Mon Jun 02 09:52:28 EDT 2014"	""	""	""	""	"0"	"1"	"""19"""	"""female"""	"""English"""	"""LG"""	"""I believe in us!"""	"0.7235576923076923"	"0.5793269230769231"	"0.5360576923076923"	"0.5480769230769231"	"0.5985576923076923"	"""neither"""	"""2"""	"""1"""	""" No"""	""" """
"302OLP89DZ8AREZO1XEOJ07Z9B4CA6"	"3H9KHFULG43W6IOJAUMQZYQKKDEECI"	"Competition study"	"Play a 2-4 minute game and complete a brief survey"	"competition, game, study, experiment"	"$0.25"	"Mon Jun 02 07:32:08 EDT 2014"	"70"	"0"	"0"	"70"	"Reviewable"	"NotReviewed"	"1 condition"	"600"	"60000"	"Mon Jun 09 07:32:08 EDT 2014"	"https://requester.mturk.com/mturk/manageHIT?HITId=302OLP89DZ8AREZO1XEOJ07Z9B4CA6"	"3VD82FOHKQP1F2QJ1IO78ENN4MEOCH"	"A1BDZFVHI4LH44"	"Approved"	"Tue Jun 03 02:07:19 EDT 2014"	"Mon Jun 02 09:24:36 EDT 2014"	"Mon Jun 02 09:27:19 EDT 2014"	"Mon Jun 02 09:52:28 EDT 2014"	""	""	""	""	"2"	"1"	"""23"""	"""female"""	"""English"""	"""BM"""	""""""	"1"	"0.010638351981521499"	"0.7446809051730109"	"0.13829792644960662"	"0.8386525363786846"	"""opponent"""	"""2"""	"""1"""	""" No"""	""" """
"302OLP89DZ8AREZO1XEOJ07Z9B4CA6"	"3H9KHFULG43W6IOJAUMQZYQKKDEECI"	"Competition study"	"Play a 2-4 minute game and complete a brief survey"	"competition, game, study, experiment"	"$0.25"	"Mon Jun 02 07:32:08 EDT 2014"	"70"	"0"	"0"	"70"	"Reviewable"	"NotReviewed"	"1 condition"	"600"	"60000"	"Mon Jun 09 07:32:08 EDT 2014"	"https://requester.mturk.com/mturk/manageHIT?HITId=302OLP89DZ8AREZO1XEOJ07Z9B4CA6"	"3JMSRU9HQIVB2KJUYLGGTUHYLROEV2"	"A1FRTHC30L8TX8"	"Approved"	"Tue Jun 03 02:13:16 EDT 2014"	"Mon Jun 02 09:28:57 EDT 2014"	"Mon Jun 02 09:33:16 EDT 2014"	"Mon Jun 02 09:52:28 EDT 2014"	""	""	""	""	"0"	"1"	"""26"""	"""female"""	"""English"""	"""CW"""	"""We got this!"""	"0.8826923076923077"	"0.6480769230769231"	"0.6692307692307692"	"0.6538461538461539"	"0.6403846153846153"	"""neither"""	"""2"""	"""1"""	"""I'm wondering if the other players are actually weird.  I type fast and my teammate responded before I could even read with an encouraging message."""	""" """
"302OLP89DZ8AREZO1XEOJ07Z9B4CA6"	"3H9KHFULG43W6IOJAUMQZYQKKDEECI"	"Competition study"	"Play a 2-4 minute game and complete a brief survey"	"competition, game, study, experiment"	"$0.25"	"Mon Jun 02 07:32:08 EDT 2014"	"70"	"0"	"0"	"70"	"Reviewable"	"NotReviewed"	"1 condition"	"600"	"60000"	"Mon Jun 09 07:32:08 EDT 2014"	"https://requester.mturk.com/mturk/manageHIT?HITId=302OLP89DZ8AREZO1XEOJ07Z9B4CA6"	"3DQQ64TANGMSE08PX91N98ZG67TPW9"	"A1GW6PKU9F58UJ"	"Approved"	"Tue Jun 03 02:25:04 EDT 2014"	"Mon Jun 02 09:41:20 EDT 2014"	"Mon Jun 02 09:45:04 EDT 2014"	"Mon Jun 02 09:52:28 EDT 2014"	""	""	""	""	"0"	"1"	"""27"""	"""female"""	"""english"""	"""wmr"""	"""hello how are you doing? Let's do this."""	"0.8860130282581665"	"0.8003226003053929"	"0.7881064673678945"	"0.14198719942427795"	"0.9182692307692307"	"""partner"""	"""2"""	"""2"""	""" no"""	""" """
"302OLP89DZ8AREZO1XEOJ07Z9B4CA6"	"3H9KHFULG43W6IOJAUMQZYQKKDEECI"	"Competition study"	"Play a 2-4 minute game and complete a brief survey"	"competition, game, study, experiment"	"$0.25"	"Mon Jun 02 07:32:08 EDT 2014"	"70"	"0"	"0"	"70"	"Reviewable"	"NotReviewed"	"1 condition"	"600"	"60000"	"Mon Jun 09 07:32:08 EDT 2014"	"https://requester.mturk.com/mturk/manageHIT?HITId=302OLP89DZ8AREZO1XEOJ07Z9B4CA6"	"39GXDJN2OTFUTJ93LIUG1KLCAORV8L"	"AP8OG80OLCCMC"	"Approved"	"Tue Jun 03 02:28:23 EDT 2014"	"Mon Jun 02 09:43:17 EDT 2014"	"Mon Jun 02 09:48:23 EDT 2014"	"Mon Jun 02 09:52:29 EDT 2014"	""	""	""	""	"1"	"1"	"""36"""	"""female"""	"""English"""	"""MG"""	"""Yes we can!"""	"0.657831251764872"	"0.5469878782708961"	"0.5012047457407756"	"0.36385534815041415"	"0.5012047457407756"	"""partner"""	"""2"""	"""1"""	""" n/a"""	""" It was an interesting and thought provoking study."""
"302OLP89DZ8AREZO1XEOJ07Z9B4CA6"	"3H9KHFULG43W6IOJAUMQZYQKKDEECI"	"Competition study"	"Play a 2-4 minute game and complete a brief survey"	"competition, game, study, experiment"	"$0.25"	"Mon Jun 02 07:32:08 EDT 2014"	"70"	"0"	"0"	"70"	"Reviewable"	"NotReviewed"	"1 condition"	"600"	"60000"	"Mon Jun 09 07:32:08 EDT 2014"	"https://requester.mturk.com/mturk/manageHIT?HITId=302OLP89DZ8AREZO1XEOJ07Z9B4CA6"	"3K772S5NP8C6KJOATWZCETQPDCGHEI"	"A2QK58RSVD2HWH"	"Approved"	"Tue Jun 03 02:39:23 EDT 2014"	"Mon Jun 02 09:54:38 EDT 2014"	"Mon Jun 02 09:59:23 EDT 2014"	"Mon Jun 02 11:33:43 EDT 2014"	""	""	""	""	"2"	"1"	"""53"""	"""female"""	"""english"""	"""TD"""	"""yes we can!"""	"1"	"0.8860103626943006"	"0.7072538860103627"	"0.7953367875647669"	"0.961139896373057"	"""opponent"""	"""2"""	"""1"""	""" no"""	""" """
"302OLP89DZ8AREZO1XEOJ07Z9B4CA6"	"3H9KHFULG43W6IOJAUMQZYQKKDEECI"	"Competition study"	"Play a 2-4 minute game and complete a brief survey"	"competition, game, study, experiment"	"$0.25"	"Mon Jun 02 07:32:08 EDT 2014"	"70"	"0"	"0"	"70"	"Reviewable"	"NotReviewed"	"1 condition"	"600"	"60000"	"Mon Jun 09 07:32:08 EDT 2014"	"https://requester.mturk.com/mturk/manageHIT?HITId=302OLP89DZ8AREZO1XEOJ07Z9B4CA6"	"3Z4XG4ZF48SMX8EYLXVYP5IXQZ28X4"	"A27PVIL93ZMY46"	"Approved"	"Tue Jun 03 02:49:39 EDT 2014"	"Mon Jun 02 10:04:19 EDT 2014"	"Mon Jun 02 10:09:39 EDT 2014"	"Mon Jun 02 11:33:43 EDT 2014"	""	""	""	""	"2"	"1"	"""34"""	"""female"""	"""English"""	"""AS"""	"""Go Red!"""	"1"	"0.5"	"0.7363636363636363"	"0.5"	"1"	"""opponent"""	"""2"""	"""1"""	""" no"""	""" You should send everyone a bonus."""
"302OLP89DZ8AREZO1XEOJ07Z9B4CA6"	"3H9KHFULG43W6IOJAUMQZYQKKDEECI"	"Competition study"	"Play a 2-4 minute game and complete a brief survey"	"competition, game, study, experiment"	"$0.25"	"Mon Jun 02 07:32:08 EDT 2014"	"70"	"0"	"0"	"70"	"Reviewable"	"NotReviewed"	"1 condition"	"600"	"60000"	"Mon Jun 09 07:32:08 EDT 2014"	"https://requester.mturk.com/mturk/manageHIT?HITId=302OLP89DZ8AREZO1XEOJ07Z9B4CA6"	"3GD6L00D3SYTSWV985KAZEFR5PCM1E"	"A2QQKVIN9R45N6"	"Approved"	"Tue Jun 03 02:52:11 EDT 2014"	"Mon Jun 02 10:08:37 EDT 2014"	"Mon Jun 02 10:12:11 EDT 2014"	"Mon Jun 02 11:33:43 EDT 2014"	""	""	""	""	"2"	"1"	"""32"""	"""female"""	"""English"""	"""JW"""	"""We got this, we're gonna kick butt!"""	"1"	"0.634469696969697"	"0.6212121212121212"	"0.2727272727272727"	"0.5"	"""opponent"""	"""2"""	"""1"""	""" no"""	""" """
"302OLP89DZ8AREZO1XEOJ07Z9B4CA6"	"3H9KHFULG43W6IOJAUMQZYQKKDEECI"	"Competition study"	"Play a 2-4 minute game and complete a brief survey"	"competition, game, study, experiment"	"$0.25"	"Mon Jun 02 07:32:08 EDT 2014"	"70"	"0"	"0"	"70"	"Reviewable"	"NotReviewed"	"1 condition"	"600"	"60000"	"Mon Jun 09 07:32:08 EDT 2014"	"https://requester.mturk.com/mturk/manageHIT?HITId=302OLP89DZ8AREZO1XEOJ07Z9B4CA6"	"32KTQ2V7RDGBH1Y4CIZ3EKXA321M9Q"	"A28LNN5WXD76CE"	"Approved"	"Tue Jun 03 03:10:39 EDT 2014"	"Mon Jun 02 10:26:44 EDT 2014"	"Mon Jun 02 10:30:39 EDT 2014"	"Mon Jun 02 11:33:44 EDT 2014"	""	""	""	""	"1"	"1"	"""26"""	"""female"""	"""English"""	"""AMM"""	"""We are going to do great!"""	"1"	"0.875"	"0.8269230769230769"	"0.11298076923076923"	"0.9206730769230769"	"""partner"""	"""2"""	"""1"""	""" """	""" """
"302OLP89DZ8AREZO1XEOJ07Z9B4CA6"	"3H9KHFULG43W6IOJAUMQZYQKKDEECI"	"Competition study"	"Play a 2-4 minute game and complete a brief survey"	"competition, game, study, experiment"	"$0.25"	"Mon Jun 02 07:32:08 EDT 2014"	"70"	"0"	"0"	"70"	"Reviewable"	"NotReviewed"	"1 condition"	"600"	"60000"	"Mon Jun 09 07:32:08 EDT 2014"	"https://requester.mturk.com/mturk/manageHIT?HITId=302OLP89DZ8AREZO1XEOJ07Z9B4CA6"	"3M81GAB8A0KLQ9BT2VKGMZC5120QBO"	"A36PAQLWZIRY2P"	"Approved"	"Tue Jun 03 03:11:45 EDT 2014"	"Mon Jun 02 10:27:00 EDT 2014"	"Mon Jun 02 10:31:45 EDT 2014"	"Mon Jun 02 11:33:44 EDT 2014"	""	""	""	""	"0"	"1"	"""39"""	"""female"""	"""english"""	"""sm"""	"""you got it!"""	"0.7170868347338936"	"0.5910364145658263"	"0.5266106442577031"	"0.5154061624649859"	"0.7086834733893558"	"""neither"""	"""2"""	"""1"""	""" no"""	""" none"""
"302OLP89DZ8AREZO1XEOJ07Z9B4CA6"	"3H9KHFULG43W6IOJAUMQZYQKKDEECI"	"Competition study"	"Play a 2-4 minute game and complete a brief survey"	"competition, game, study, experiment"	"$0.25"	"Mon Jun 02 07:32:08 EDT 2014"	"70"	"0"	"0"	"70"	"Reviewable"	"NotReviewed"	"1 condition"	"600"	"60000"	"Mon Jun 09 07:32:08 EDT 2014"	"https://requester.mturk.com/mturk/manageHIT?HITId=302OLP89DZ8AREZO1XEOJ07Z9B4CA6"	"3QFUFYSY9YG4EL0B90ZZ2M2LK9C4F6"	"A278EWGNNDW2NR"	"Approved"	"Tue Jun 03 03:36:47 EDT 2014"	"Mon Jun 02 10:53:36 EDT 2014"	"Mon Jun 02 10:56:47 EDT 2014"	"Mon Jun 02 11:33:44 EDT 2014"	""	""	""	""	"1"	"1"	"""31"""	"""female"""	"""english"""	"""cc"""	"""hey i'm ready"""	"0.8558282208588958"	"0.39263803680981596"	"0.6196319018404908"	"0.5858895705521472"	"0.6104294478527608"	"""partner"""	"""2"""	"""1"""	""" no"""	""" """
"302OLP89DZ8AREZO1XEOJ07Z9B4CA6"	"3H9KHFULG43W6IOJAUMQZYQKKDEECI"	"Competition study"	"Play a 2-4 minute game and complete a brief survey"	"competition, game, study, experiment"	"$0.25"	"Mon Jun 02 07:32:08 EDT 2014"	"70"	"0"	"0"	"70"	"Reviewable"	"NotReviewed"	"1 condition"	"600"	"60000"	"Mon Jun 09 07:32:08 EDT 2014"	"https://requester.mturk.com/mturk/manageHIT?HITId=302OLP89DZ8AREZO1XEOJ07Z9B4CA6"	"3EICBYG644XNERZML5W20I615TACJU"	"A22KRF782ELLB0"	"Approved"	"Tue Jun 03 03:42:46 EDT 2014"	"Mon Jun 02 10:58:20 EDT 2014"	"Mon Jun 02 11:02:46 EDT 2014"	"Mon Jun 02 11:33:44 EDT 2014"	""	""	""	""	"0"	"1"	"""32"""	"""female"""	"""English"""	"""TC"""	"""Yeah, I think so too."""	"0.7732426303854876"	"0.2947845804988662"	"0.7868480725623582"	"0.6009070294784581"	"0.7845804988662132"	"""neither"""	"""2"""	"""1"""	"""Nothing seems strange so far, and everything has been pretty clear."""	""" """
"302OLP89DZ8AREZO1XEOJ07Z9B4CA6"	"3H9KHFULG43W6IOJAUMQZYQKKDEECI"	"Competition study"	"Play a 2-4 minute game and complete a brief survey"	"competition, game, study, experiment"	"$0.25"	"Mon Jun 02 07:32:08 EDT 2014"	"70"	"0"	"0"	"70"	"Reviewable"	"NotReviewed"	"1 condition"	"600"	"60000"	"Mon Jun 09 07:32:08 EDT 2014"	"https://requester.mturk.com/mturk/manageHIT?HITId=302OLP89DZ8AREZO1XEOJ07Z9B4CA6"	"3IUZPWIU1O8R39B9KHWFDRDHCYSKWA"	"AQA9YD7DDXWYN"	"Approved"	"Tue Jun 03 03:47:08 EDT 2014"	"Mon Jun 02 11:01:26 EDT 2014"	"Mon Jun 02 11:07:08 EDT 2014"	"Mon Jun 02 11:33:44 EDT 2014"	""	""	""	""	"0"	"1"	"""25"""	"""female"""	"""english"""	"""emm"""	""""""	"0.8130294693947618"	"0.3506299259715233"	"0.6586050183640214"	"0.2888657131699355"	"0.7968195991799526"	"""neither"""	"""2"""	"""1"""	""" no it is good"""	""" good survey"""
"302OLP89DZ8AREZO1XEOJ07Z9B4CA6"	"3H9KHFULG43W6IOJAUMQZYQKKDEECI"	"Competition study"	"Play a 2-4 minute game and complete a brief survey"	"competition, game, study, experiment"	"$0.25"	"Mon Jun 02 07:32:08 EDT 2014"	"70"	"0"	"0"	"70"	"Reviewable"	"NotReviewed"	"1 condition"	"600"	"60000"	"Mon Jun 09 07:32:08 EDT 2014"	"https://requester.mturk.com/mturk/manageHIT?HITId=302OLP89DZ8AREZO1XEOJ07Z9B4CA6"	"3IAEQB9FMELJP35ZS0AS9EIRSPWDWR"	"A2UV4IHU84SIS2"	"Approved"	"Tue Jun 03 03:50:28 EDT 2014"	"Mon Jun 02 11:05:26 EDT 2014"	"Mon Jun 02 11:10:28 EDT 2014"	"Mon Jun 02 11:33:44 EDT 2014"	""	""	""	""	"2"	"1"	"""34"""	"""female"""	"""English"""	"""RM"""	""""""	"0.020833333333333332"	"0.5"	"0.5"	"0.0763888888888889"	"0.5"	"""opponent"""	"""2"""	"""1"""	""" The whole thing is kind of confusing because the timer is so short on the hit that I'm afraid I'll run out of time and I'm trying to take it all in, in a rush."""	""" Make the timer on the hit longer."""
"302OLP89DZ8AREZO1XEOJ07Z9B4CA6"	"3H9KHFULG43W6IOJAUMQZYQKKDEECI"	"Competition study"	"Play a 2-4 minute game and complete a brief survey"	"competition, game, study, experiment"	"$0.25"	"Mon Jun 02 07:32:08 EDT 2014"	"70"	"0"	"0"	"70"	"Reviewable"	"NotReviewed"	"1 condition"	"600"	"60000"	"Mon Jun 09 07:32:08 EDT 2014"	"https://requester.mturk.com/mturk/manageHIT?HITId=302OLP89DZ8AREZO1XEOJ07Z9B4CA6"	"3ZR9AIQJUBADHHLL6IGEZFFHE7O403"	"A3KD150K6OE4NB"	"Approved"	"Tue Jun 03 03:54:25 EDT 2014"	"Mon Jun 02 11:06:53 EDT 2014"	"Mon Jun 02 11:14:25 EDT 2014"	"Mon Jun 02 11:33:44 EDT 2014"	""	""	""	""	"1"	"1"	"""30"""	"""female"""	"""english"""	"""kd"""	"""You bet we can!!!"""	"0.9926095585292827"	"0.5014164305949008"	"0.6839663652931147"	"0.6356151123304532"	"0.5750708215297451"	"""partner"""	"""2"""	"""1"""	""" no"""	""" """
"302OLP89DZ8AREZO1XEOJ07Z9B4CA6"	"3H9KHFULG43W6IOJAUMQZYQKKDEECI"	"Competition study"	"Play a 2-4 minute game and complete a brief survey"	"competition, game, study, experiment"	"$0.25"	"Mon Jun 02 07:32:08 EDT 2014"	"70"	"0"	"0"	"70"	"Reviewable"	"NotReviewed"	"1 condition"	"600"	"60000"	"Mon Jun 09 07:32:08 EDT 2014"	"https://requester.mturk.com/mturk/manageHIT?HITId=302OLP89DZ8AREZO1XEOJ07Z9B4CA6"	"3ZDAD0O1T1E5VS6MOV6TG1EK4DQXTN"	"A3IYDY7TO808Z3"	"Approved"	"Tue Jun 03 04:09:28 EDT 2014"	"Mon Jun 02 11:25:03 EDT 2014"	"Mon Jun 02 11:29:28 EDT 2014"	"Mon Jun 02 11:33:45 EDT 2014"	""	""	""	""	"2"	"1"	"""28"""	"""female"""	"""English"""	"""ADM"""	"""We can beat them!"""	"0.8531353135313532"	"0.7095709570957096"	"0.5874587458745875"	"0.7772277227722773"	"0.6996699669966997"	"""opponent"""	"""2"""	"""1"""	""" No"""	""" """
"302OLP89DZ8AREZO1XEOJ07Z9B4CA6"	"3H9KHFULG43W6IOJAUMQZYQKKDEECI"	"Competition study"	"Play a 2-4 minute game and complete a brief survey"	"competition, game, study, experiment"	"$0.25"	"Mon Jun 02 07:32:08 EDT 2014"	"70"	"0"	"0"	"70"	"Reviewable"	"NotReviewed"	"1 condition"	"600"	"60000"	"Mon Jun 09 07:32:08 EDT 2014"	"https://requester.mturk.com/mturk/manageHIT?HITId=302OLP89DZ8AREZO1XEOJ07Z9B4CA6"	"34J10VATJFZVDHPZ85CX8MGIWT3IQA"	"A37LY5UTJV2KYZ"	"Approved"	"Tue Jun 03 04:57:52 EDT 2014"	"Mon Jun 02 12:14:16 EDT 2014"	"Mon Jun 02 12:17:52 EDT 2014"	"Mon Jun 02 14:48:10 EDT 2014"	""	""	""	""	"0"	"1"	"""22"""	"""female"""	"""English"""	"""WW"""	"""yup"""	"0.8341346153846154"	"0.37740384615384615"	"0.6370192307692307"	"0.20432692307692307"	"0.9519230769230769"	"""neither"""	"""2"""	"""1"""	""" no"""	""" """
"302OLP89DZ8AREZO1XEOJ07Z9B4CA6"	"3H9KHFULG43W6IOJAUMQZYQKKDEECI"	"Competition study"	"Play a 2-4 minute game and complete a brief survey"	"competition, game, study, experiment"	"$0.25"	"Mon Jun 02 07:32:08 EDT 2014"	"70"	"0"	"0"	"70"	"Reviewable"	"NotReviewed"	"1 condition"	"600"	"60000"	"Mon Jun 09 07:32:08 EDT 2014"	"https://requester.mturk.com/mturk/manageHIT?HITId=302OLP89DZ8AREZO1XEOJ07Z9B4CA6"	"3XUHV3NRVKZ6O0VHIV69AZKC0K15HR"	"A3OJPN5EAB8527"	"Approved"	"Tue Jun 03 05:02:45 EDT 2014"	"Mon Jun 02 12:18:21 EDT 2014"	"Mon Jun 02 12:22:45 EDT 2014"	"Mon Jun 02 14:48:10 EDT 2014"	""	""	""	""	"0"	"1"	"""20"""	"""female"""	"""English"""	"""JB"""	"""Yup!\n"""	"0.8485576923076923"	"0.5072115384615384"	"0.7139423076923077"	"0.6826923076923077"	"0.5"	"""partner"""	"""2"""	"""1"""	""" Not completely positive that DW is a real person (based on previous studies of pairing.)"""	""" """
"302OLP89DZ8AREZO1XEOJ07Z9B4CA6"	"3H9KHFULG43W6IOJAUMQZYQKKDEECI"	"Competition study"	"Play a 2-4 minute game and complete a brief survey"	"competition, game, study, experiment"	"$0.25"	"Mon Jun 02 07:32:08 EDT 2014"	"70"	"0"	"0"	"70"	"Reviewable"	"NotReviewed"	"1 condition"	"600"	"60000"	"Mon Jun 09 07:32:08 EDT 2014"	"https://requester.mturk.com/mturk/manageHIT?HITId=302OLP89DZ8AREZO1XEOJ07Z9B4CA6"	"3IXQG4FA2TZFYAU7LT9U04MGR3GB99"	"A61GHYNS1DFT7"	"Approved"	"Tue Jun 03 05:13:46 EDT 2014"	"Mon Jun 02 12:30:25 EDT 2014"	"Mon Jun 02 12:33:46 EDT 2014"	"Mon Jun 02 14:48:10 EDT 2014"	""	""	""	""	"0"	"1"	"""24"""	"""female"""	"""English"""	"""BS"""	"""I hope we do well!"""	"0.2955665024630542"	"0.5862068965517241"	"0.5123152709359606"	"0.7093596059113301"	"0.6108374384236454"	"""partner"""	"""2"""	"""1"""	""" Nope"""	""" """
"302OLP89DZ8AREZO1XEOJ07Z9B4CA6"	"3H9KHFULG43W6IOJAUMQZYQKKDEECI"	"Competition study"	"Play a 2-4 minute game and complete a brief survey"	"competition, game, study, experiment"	"$0.25"	"Mon Jun 02 07:32:08 EDT 2014"	"70"	"0"	"0"	"70"	"Reviewable"	"NotReviewed"	"1 condition"	"600"	"60000"	"Mon Jun 09 07:32:08 EDT 2014"	"https://requester.mturk.com/mturk/manageHIT?HITId=302OLP89DZ8AREZO1XEOJ07Z9B4CA6"	"3LEP4MGT3G1R107OX9EWM056IOXBDS"	"A1QG4N21BF61PC"	"Approved"	"Tue Jun 03 05:40:31 EDT 2014"	"Mon Jun 02 12:56:19 EDT 2014"	"Mon Jun 02 13:00:31 EDT 2014"	"Mon Jun 02 14:48:11 EDT 2014"	""	""	""	""	"0"	"1"	"""25"""	"""female"""	"""English"""	"""AP"""	"""Let's go team red :)\n"""	"0.8411016949152542"	"0.788135593220339"	"0.7330508474576272"	"0.3622881355932203"	"0.6504237288135594"	"""neither"""	"""2"""	"""1"""	""" Nothing has been unclear."""	""" """
"302OLP89DZ8AREZO1XEOJ07Z9B4CA6"	"3H9KHFULG43W6IOJAUMQZYQKKDEECI"	"Competition study"	"Play a 2-4 minute game and complete a brief survey"	"competition, game, study, experiment"	"$0.25"	"Mon Jun 02 07:32:08 EDT 2014"	"70"	"0"	"0"	"70"	"Reviewable"	"NotReviewed"	"1 condition"	"600"	"60000"	"Mon Jun 09 07:32:08 EDT 2014"	"https://requester.mturk.com/mturk/manageHIT?HITId=302OLP89DZ8AREZO1XEOJ07Z9B4CA6"	"3ERET4BTVMAGRDY1R6MNZ756EXRK94"	"A11AC8ZZG6UC7U"	"Approved"	"Tue Jun 03 05:46:48 EDT 2014"	"Mon Jun 02 13:04:46 EDT 2014"	"Mon Jun 02 13:06:48 EDT 2014"	"Mon Jun 02 14:48:11 EDT 2014"	""	""	""	""	"2"	"1"	"""26"""	"""female"""	"""english"""	"""cae"""	""""""	"0.8121387283236994"	"0.8121387283236994"	"0.6763005780346821"	"0.7890173410404624"	"0.8005780346820809"	"""partner"""	"""5"""	"""2"""	""" none"""	""" none"""
"302OLP89DZ8AREZO1XEOJ07Z9B4CA6"	"3H9KHFULG43W6IOJAUMQZYQKKDEECI"	"Competition study"	"Play a 2-4 minute game and complete a brief survey"	"competition, game, study, experiment"	"$0.25"	"Mon Jun 02 07:32:08 EDT 2014"	"70"	"0"	"0"	"70"	"Reviewable"	"NotReviewed"	"1 condition"	"600"	"60000"	"Mon Jun 09 07:32:08 EDT 2014"	"https://requester.mturk.com/mturk/manageHIT?HITId=302OLP89DZ8AREZO1XEOJ07Z9B4CA6"	"35LDD5557A5VYXHVGFQS4TBQEWZKM4"	"A2US16825HDCK7"	"Approved"	"Tue Jun 03 06:07:14 EDT 2014"	"Mon Jun 02 13:22:41 EDT 2014"	"Mon Jun 02 13:27:14 EDT 2014"	"Mon Jun 02 14:48:11 EDT 2014"	""	""	""	""	"2"	"1"	"""28"""	"""female"""	"""English"""	"""SW"""	"""We can do it! :)"""	"1"	"0.45666666666666667"	"0.7716666666666666"	"0.115"	"0.8033333333333333"	"""opponent"""	"""2"""	"""1"""	""" No"""	""" Awww, I wanted to play the game! """
"302OLP89DZ8AREZO1XEOJ07Z9B4CA6"	"3H9KHFULG43W6IOJAUMQZYQKKDEECI"	"Competition study"	"Play a 2-4 minute game and complete a brief survey"	"competition, game, study, experiment"	"$0.25"	"Mon Jun 02 07:32:08 EDT 2014"	"70"	"0"	"0"	"70"	"Reviewable"	"NotReviewed"	"1 condition"	"600"	"60000"	"Mon Jun 09 07:32:08 EDT 2014"	"https://requester.mturk.com/mturk/manageHIT?HITId=302OLP89DZ8AREZO1XEOJ07Z9B4CA6"	"34FNN24DCMASAVL6SVAXWZFFQGK5YW"	"AVZX90TEZAPF3"	"Approved"	"Tue Jun 03 06:26:29 EDT 2014"	"Mon Jun 02 13:43:38 EDT 2014"	"Mon Jun 02 13:46:29 EDT 2014"	"Mon Jun 02 14:48:11 EDT 2014"	""	""	""	""	"1"	"1"	"""28"""	"""female"""	"""ENGLISH"""	"""JZ"""	""""""	"1"	"0.8571428571428571"	"0.7601684780202358"	"0.096579476861167"	"0.9541822220967938"	"""partner"""	"""1"""	"""1"""	""" """	""" """
"302OLP89DZ8AREZO1XEOJ07Z9B4CA6"	"3H9KHFULG43W6IOJAUMQZYQKKDEECI"	"Competition study"	"Play a 2-4 minute game and complete a brief survey"	"competition, game, study, experiment"	"$0.25"	"Mon Jun 02 07:32:08 EDT 2014"	"70"	"0"	"0"	"70"	"Reviewable"	"NotReviewed"	"1 condition"	"600"	"60000"	"Mon Jun 09 07:32:08 EDT 2014"	"https://requester.mturk.com/mturk/manageHIT?HITId=302OLP89DZ8AREZO1XEOJ07Z9B4CA6"	"3PIWWX1FJJ7AM55SVXDONMJWVD6JJ2"	"A18T7E73TNGOKP"	"Approved"	"Tue Jun 03 06:42:40 EDT 2014"	"Mon Jun 02 13:53:32 EDT 2014"	"Mon Jun 02 14:02:40 EDT 2014"	"Mon Jun 02 14:48:11 EDT 2014"	""	""	""	""	"0"	"1"	"""29"""	"""female"""	"""english"""	"""af"""	"""i font know the last one\n"""	"1"	"0.7329421913245205"	"0.5708155161321419"	"0.5257511384497384"	"0.6931331126986655"	"""opponent"""	"""2"""	"""1"""	""" """	""" """
"302OLP89DZ8AREZO1XEOJ07Z9B4CA6"	"3H9KHFULG43W6IOJAUMQZYQKKDEECI"	"Competition study"	"Play a 2-4 minute game and complete a brief survey"	"competition, game, study, experiment"	"$0.25"	"Mon Jun 02 07:32:08 EDT 2014"	"70"	"0"	"0"	"70"	"Reviewable"	"NotReviewed"	"1 condition"	"600"	"60000"	"Mon Jun 09 07:32:08 EDT 2014"	"https://requester.mturk.com/mturk/manageHIT?HITId=302OLP89DZ8AREZO1XEOJ07Z9B4CA6"	"3T111IHZ5ER2EHBWHQVK0JRK9PQ9RR"	"A3J57G3L42PDR4"	"Approved"	"Tue Jun 03 07:09:50 EDT 2014"	"Mon Jun 02 14:26:15 EDT 2014"	"Mon Jun 02 14:29:50 EDT 2014"	"Mon Jun 02 14:48:11 EDT 2014"	""	""	""	""	"0"	"1"	"""25"""	"""female"""	"""english"""	"""jm"""	""""""	"0.7475961538461539"	"0.35096153846153844"	"0.7331730769230769"	"0.7211538461538461"	"0.7115384615384616"	"""partner"""	"""2"""	"""1"""	""" The initials DW do not match the initials JG of my partner. """	""" """
"302OLP89DZ8AREZO1XEOJ07Z9B4CA6"	"3H9KHFULG43W6IOJAUMQZYQKKDEECI"	"Competition study"	"Play a 2-4 minute game and complete a brief survey"	"competition, game, study, experiment"	"$0.25"	"Mon Jun 02 07:32:08 EDT 2014"	"70"	"0"	"0"	"70"	"Reviewable"	"NotReviewed"	"1 condition"	"600"	"60000"	"Mon Jun 09 07:32:08 EDT 2014"	"https://requester.mturk.com/mturk/manageHIT?HITId=302OLP89DZ8AREZO1XEOJ07Z9B4CA6"	"3BF51CHDTVB7TT9GLP0XT4OLJCZ0HA"	"A2HR7ZIX42FEPG"	"Approved"	"Tue Jun 03 07:20:49 EDT 2014"	"Mon Jun 02 14:36:28 EDT 2014"	"Mon Jun 02 14:40:49 EDT 2014"	"Mon Jun 02 14:48:11 EDT 2014"	""	""	""	""	"1"	"1"	"""26"""	"""female"""	"""english"""	"""AW"""	"""We'll be awesome at this!"""	"0.5049833887043189"	"0.5049833887043189"	"0.24584717607973422"	"0.6611295681063123"	"0.43853820598006643"	"""partner"""	"""2"""	"""1"""	""" it seems rather weird yeah/"""	""" """
"302OLP89DZ8AREZO1XEOJ07Z9B4CA6"	"3H9KHFULG43W6IOJAUMQZYQKKDEECI"	"Competition study"	"Play a 2-4 minute game and complete a brief survey"	"competition, game, study, experiment"	"$0.25"	"Mon Jun 02 07:32:08 EDT 2014"	"70"	"0"	"0"	"70"	"Reviewable"	"NotReviewed"	"1 condition"	"600"	"60000"	"Mon Jun 09 07:32:08 EDT 2014"	"https://requester.mturk.com/mturk/manageHIT?HITId=302OLP89DZ8AREZO1XEOJ07Z9B4CA6"	"32KTQ2V7RDGBH1Y4CIZ3EKXA32S9M4"	"A2K22KOFTBQIMC"	"Approved"	"Tue Jun 03 07:31:05 EDT 2014"	"Mon Jun 02 14:48:01 EDT 2014"	"Mon Jun 02 14:51:05 EDT 2014"	"Mon Jun 02 15:37:42 EDT 2014"	""	""	""	""	"0"	"1"	"""22"""	"""female"""	"""English"""	"""OP"""	"""Let's beat these blue punks"""	"0.7446808510638298"	"0.8829787234042553"	"0.2154255319148936"	"0.8085106382978723"	"0.21808510638297873"	"""opponent"""	"""5"""	"""2"""	""" Not really"""	""" """
"302OLP89DZ8AREZO1XEOJ07Z9B4CA6"	"3H9KHFULG43W6IOJAUMQZYQKKDEECI"	"Competition study"	"Play a 2-4 minute game and complete a brief survey"	"competition, game, study, experiment"	"$0.25"	"Mon Jun 02 07:32:08 EDT 2014"	"70"	"0"	"0"	"70"	"Reviewable"	"NotReviewed"	"1 condition"	"600"	"60000"	"Mon Jun 09 07:32:08 EDT 2014"	"https://requester.mturk.com/mturk/manageHIT?HITId=302OLP89DZ8AREZO1XEOJ07Z9B4CA6"	"3AQF3RZ558JIT84PSOSEZKMZG096FK"	"A2GL0OYFMIBRDI"	"Approved"	"Tue Jun 03 07:41:16 EDT 2014"	"Mon Jun 02 14:57:38 EDT 2014"	"Mon Jun 02 15:01:16 EDT 2014"	"Mon Jun 02 15:37:42 EDT 2014"	""	""	""	""	"0"	"1"	"""40"""	"""female"""	"""English"""	"""vlo"""	""""""	"0.95"	"0.6318181818181818"	"0.65"	"0.3181818181818182"	"0.7045454545454546"	"""partner"""	"""5"""	"""2"""	""" No"""	""" """
"302OLP89DZ8AREZO1XEOJ07Z9B4CA6"	"3H9KHFULG43W6IOJAUMQZYQKKDEECI"	"Competition study"	"Play a 2-4 minute game and complete a brief survey"	"competition, game, study, experiment"	"$0.25"	"Mon Jun 02 07:32:08 EDT 2014"	"70"	"0"	"0"	"70"	"Reviewable"	"NotReviewed"	"1 condition"	"600"	"60000"	"Mon Jun 09 07:32:08 EDT 2014"	"https://requester.mturk.com/mturk/manageHIT?HITId=302OLP89DZ8AREZO1XEOJ07Z9B4CA6"	"3KIBXJ1WD5VJY027TV55WX0V9WKOKT"	"A31IZKL0SIL3MB"	"Approved"	"Tue Jun 03 08:05:02 EDT 2014"	"Mon Jun 02 15:21:07 EDT 2014"	"Mon Jun 02 15:25:02 EDT 2014"	"Mon Jun 02 15:37:42 EDT 2014"	""	""	""	""	"1"	"1"	"""22"""	"""female"""	"""English"""	"""js"""	"""no problem dog\n"""	"0.676829268292683"	"0.3556910569105691"	"0.3617886178861789"	"0.6890243902439024"	"0.741869918699187"	"""partner"""	"""2"""	"""1"""	""" pretty sure DW isn't a person"""	""" I knew it!"""
